id;name;description;image;image_content_type;type_id
1;Generic Steel Tuna;website calculating;../fake-data/blob/hipster.png;image/png;1
2;cross-platform support;navigate wireless Chilean Peso Unidades de fomento;../fake-data/blob/hipster.png;image/png;2
3;reboot;Dynamic magenta Track;../fake-data/blob/hipster.png;image/png;3
4;actuating THX;Division;../fake-data/blob/hipster.png;image/png;4
5;Steel;Kina networks;../fake-data/blob/hipster.png;image/png;5
6;Metical partnerships;Infrastructure;../fake-data/blob/hipster.png;image/png;6
7;Internal compressing;withdrawal Bedfordshire;../fake-data/blob/hipster.png;image/png;7
8;Credit Card Account;Gloves Lao People's Democratic Republic;../fake-data/blob/hipster.png;image/png;8
9;neutral;Rustic Concrete Car;../fake-data/blob/hipster.png;image/png;9
10;Computer Oklahoma Identity;throughput;../fake-data/blob/hipster.png;image/png;10
